{
  "urls": [
    "drum_sample.ogg",
    "drum_sample.m4a",
    "drum_sample.mp3",
    "drum_sample.ac3"
  ],
  "sprite": {
    "808": [
      0,
      2400
    ],
    "Crash": [
      4000,
      4948.458049886622
    ],
    "HiHat": [
      10000,
      4948.458049886622
    ],
    "Kick": [
      16000,
      454.55782312925305
    ],
    "Snap": [
      18000,
      2474.2176870748303
    ],
    "Snare": [
      22000,
      2474.2176870748303
    ]
  }
}