{
  "urls": [
    "./drum_machine/synth_sample.ogg",
    "./drum_machine/synth_sample.m4a",
    "./drum_machine/synth_sample.mp3",
    "./drum_machine/synth_sample.ac3"
  ],
  "sprite": {
    "CautionPluck_C": [
      0,
      5200.45351473923
    ],
    "Chord_1_G": [
      7000,
      1237.1201814058957
    ],
    "Chord_2_F#": [
      10000,
      1026.4852607709756
    ],
    "Stab_Dmin": [
      13000,
      839.9999999999999
    ],
    "Steel_Stab_One_Shot_D": [
      15000,
      1750
    ],
    "Synth_Chord_Lead1_Cmaj7": [
      18000,
      8166.530612244898
    ]
  }
}